1,In Absentia,Blackest Eyes,4:23
2,In Absentia,Trains,5:56
3,In Absentia,Lips of Ashes,4:39
4,In Absentia,The Sound of Muzak,4:59
5,In Absentia,Gravity Eyelids,7:56
6,In Absentia,Wedding Nails,6:33
7,In Absentia,Prodigal,5:32
8,In Absentia,.3,5:25
9,In Absentia,The Creator Has a Mastertape,5:21
10,In Absentia,Heartattack in a Layby,4:15
11,In Absentia,Strip the Soul,7:21
12,In Absentia,Collapse the Light Into Earth,5:54
1,Deadwing,Deadwing,9:46
2,Deadwing,Shallow,4:17
3,Deadwing,Lazarus,4:18
4,Deadwing,Halo,4:38
5,Deadwing,Arriving Somewhere but Not Here,12:02
6,Deadwing,Mellotron Scratch,6:57
7,Deadwing,Open Car,3:46
8,Deadwing,Start of Something Beautiful,7:39
9,Deadwing,Glass Arm Shattering,6:17
1,Fear of a Blank Planet,Fear of a Blank Planet,7:28
2,Fear of a Blank Planet,My Ashes,5:07
3,Fear of a Blank Planet,Anesthetize,17:42
4,Fear of a Blank Planet,Sentimental,5:26
5,Fear of a Blank Planet,Way Out of Here,7:37
6,Fear of a Blank Planet,Sleep Together,7:28
1,Closure / Continuation,Harridan,8:07
2,Closure / Continuation,Of the New Day,4:43
3,Closure / Continuation,Rats Return,5:40
4,Closure / Continuation,Dignity,8:22
5,Closure / Continuation,Herd Culling,7:03
6,Closure / Continuation,Walk the Plank,4:27
7,Closure / Continuation,Chimera's Wreck,9:39
1,From Mars to Sirius,Ocean Planet,5:32
2,From Mars to Sirius,Backbone,4:18
3,From Mars to Sirius,From the Sky,5:48
4,From Mars to Sirius,Unicorn,2:09
5,From Mars to Sirius,Where Dragons Dwell,6:54
6,From Mars to Sirius,The Heaviest Matter of the Universe,3:57
7,From Mars to Sirius,Flying Whales,7:44
8,From Mars to Sirius,In the Wilderness,7:47
9,From Mars to Sirius,World to Come,6:52
10,From Mars to Sirius,From Mars,2:24
11,From Mars to Sirius,To Sirius,5:37
12,From Mars to Sirius,Global Warming,7:50
1,The Way of All Flesh,Oroborus,5:21
2,The Way of All Flesh,Toxic Garbage Island,4:06
3,The Way of All Flesh,A Sight to Behold,5:09
4,The Way of All Flesh,Yama's Messengers,4:03
5,The Way of All Flesh,The Silver Cord,2:31
6,The Way of All Flesh,All the Tears,3:40
7,The Way of All Flesh,Adoration for None,6:19
8,The Way of All Flesh,The Art of Dying,9:54
9,The Way of All Flesh,Esoteric Surgery,5:44
10,The Way of All Flesh,Vacuity,4:51
11,The Way of All Flesh,Wolf Down the Earth,6:25
12,The Way of All Flesh,The Way of All Flesh,17:03
1,L'Enfant Sauvage,Explosia,6:39
2,L'Enfant Sauvage,L'Enfant Sauvage,4:17
3,L'Enfant Sauvage,The Axe,4:34
4,L'Enfant Sauvage,Liquid Fire,4:17
5,L'Enfant Sauvage,The Wild Healer,1:48
6,L'Enfant Sauvage,Planned Obsolescence,4:39
7,L'Enfant Sauvage,Mouth of Kala,5:51
8,L'Enfant Sauvage,The Gift of Guilt,5:56
9,L'Enfant Sauvage,Pain is a Master,5:07
10,L'Enfant Sauvage,Born in Winter,3:51
11,L'Enfant Sauvage,The Fall,5:25
1,Magma,The Shooting Star,5:42
2,Magma,Silvera,3:33
3,Magma,The Cell,3:18
4,Magma,Stranded,4:29
5,Magma,Yellow Stone,1:19
6,Magma,Magma,6:42
7,Magma,Pray,5:14
8,Magma,Only Pain,4:00
9,Magma,Low Lands,6:04
10,Magma,Liberation,3:35
1,Fortitude,Born for One Thing,4:20
2,Fortitude,Amazonia,5:01
3,Fortitude,Another World,4:25
4,Fortitude,Hold On,5:30
5,Fortitude,New Found,6:37
6,Fortitude,Fortitude,2:08
7,Fortitude,The Chant,5:13
8,Fortitude,Sphinx,4:00
9,Fortitude,Into the Storm,5:02
10,Fortitude,The Trails,4:07
11,Fortitude,Grind,5:34
1,Themata,C.O.T.E.,5:50
2,Themata,Themata,5:40
3,Themata,Shutterspeed,3:46
4,Themata,Fear of the Sky,5:16
5,Themata,Roquefort,4:38
6,Themata,L1FEL1KE,4:40
7,Themata,Scarabs,2:10
8,Themata,Sewn and Silent,4:12
9,Themata,Mauseum,3:54
10,Themata,Synops,4:53
11,Themata,Omitted for Clarity,0:20
12,Themata,Change (Part 1),3:28
1,Sound Awake,Simple Boy,5:47
2,Sound Awake,Goliath,4:37
3,Sound Awake,New Day,8:20
4,Sound Awake,Set Fire to the Hive,4:28
5,Sound Awake,Umbra,7:50
6,Sound Awake,All I Know,4:53
7,Sound Awake,The Medicine Wears Off,1:49
8,Sound Awake,The Caudal Lure,6:16
9,Sound Awake,Illumine,5:12
10,Sound Awake,Deadman,12:04
11,Sound Awake,Change (Part 2),10:47
1,Asymmetry,Aum,2:22
2,Asymmetry,Nachash,4:50
3,Asymmetry,A.M.War,5:18
4,Asymmetry,We Are,5:55
5,Asymmetry,The Refusal,4:54
6,Asymmetry,Aeons,7:18
7,Asymmetry,Asymmetry,2:36
8,Asymmetry,Eidolon,3:45
9,Asymmetry,Sky Machine,7:49
10,Asymmetry,Amusia,0:54
11,Asymmetry,The Last Few,5:15
12,Asymmetry,Float,4:17
13,Asymmetry,Alpha Omega,7:57
14,Asymmetry,Om,3:51
1,Altered State,Of Matter - Proxy,5:04
2,Altered State,Of Matter - Retrospect,5:32
3,Altered State,Of Matter - Resist,3:40
4,Altered State,Of Mind - Nocturne,5:50
5,Altered State,Of Mind - Exile,8:50
6,Altered State,Of Reality - Eclipse,5:03
7,Altered State,Of Reality - Palingenesis,2:46
8,Altered State,Of Reality - Calabi-Yau,2:00
9,Altered State,Of Energy - Singularity,8:20
10,Altered State,Of Energy - Embers,3:36
1,Polaris,Dystopia,6:51
2,Polaris,Hexes,5:18
3,Polaris,Survival,4:25
4,Polaris,Tourniquet,5:59
5,Polaris,Utopia,5:34
6,Polaris,Phoenix,3:54
7,Polaris,Messenger,3:35
8,Polaris,Cages,5:29
9,Polaris,Seven Names,5:40
1,Sonder,Luminary,3:12
2,Sonder,King,6:56
3,Sonder,Orbital,2:19
4,Sonder,Juno,5:12
5,Sonder,Beneath My Skin,5:34
6,Sonder,Mirror Image,5:47
7,Sonder,Smile,4:47
8,Sonder,The Arrow,2:37
1,Undertow,Intolerance,4:53
2,Undertow,Prison Sex,4:56
3,Undertow,Sober,5:06
4,Undertow,Bottom,7:14
5,Undertow,Crawl Away,5:30
6,Undertow,Swamp Song,5:31
7,Undertow,Undertow,5:22
8,Undertow,4Â°,6:03
9,Undertow,Flood,7:46
10,Undertow,Disgustipated,15:47
1,Aenima,Stinkfist,5:11
2,Aenima,Eulogy,8:28
3,Aenima,H.,6:07
4,Aenima,Useful Idiot,0:38
5,Aenima,Forty Six & 2,6:04
6,Aenima,Message to Harry Manback,1:53
7,Aenima,Hooker with a Penis,4:33
8,Aenima,Intermission,0:56
9,Aenima,jimmy,5:24
10,Aenima,Die Eier von Satan,2:17
11,Aenima,Pushit,9:55
12,Aenima,Cesaro Summability,1:26
13,Aenima,Aenema,6:39
14,Aenima,(-) Ions,4:00
15,Aenima,Third Eye,13:47
1,Lateralus,The Grudge,8:36
2,Lateralus,Eon Blue Apocalypse,1:04
3,Lateralus,The Patient,7:13
4,Lateralus,Mantra,1:12
5,Lateralus,Schism,6:47
6,Lateralus,Parabol,3:04
7,Lateralus,Parabola,6:03
8,Lateralus,Ticks & Leeches,8:10
9,Lateralus,Lateralus,9:24
10,Lateralus,Disposition,4:46
11,Lateralus,Reflection,11:07
12,Lateralus,Triad,8:46
13,Lateralus,Faaip de Oiad,2:39
1,10000 Days,Vicarious,7:06
2,10000 Days,Jambi,7:28
3,10000 Days,Wings for Marie,6:11
4,10000 Days,10000 Days,11:13
5,10000 Days,The Pot,6:21
6,10000 Days,Lipan Conjuring,1:11
7,10000 Days,Lost Keys (Blame Hofmann),3:46
8,10000 Days,Rosetta Stoned,11:11
9,10000 Days,Intension,7:21
10,10000 Days,Right in Two,8:55
11,10000 Days,Viginti Tres,5:02
1,Fear Inoculum,Fear Inoculum,10:21
2,Fear Inoculum,Pneuma,11:53
3,Fear Inoculum,Invincible,12:44
4,Fear Inoculum,Descending,13:37
5,Fear Inoculum,Culling Voices,10:05
6,Fear Inoculum,Chocolate Chip Trip,4:47
7,Fear Inoculum,7empest,15:44
1,Silent Machine,Coming for You,3:05
2,Silent Machine,Kingdom,3:42
3,Silent Machine,Mother Sky,4:16
4,Silent Machine,Shuriken,3:21
5,Silent Machine,Vanguard,2:54
6,Silent Machine,Deluge,4:29
7,Silent Machine,Liberation,3:13
8,Silent Machine,Silent Machine,4:17
9,Silent Machine,Rogue,3:50
10,Silent Machine,Myth of Progress,3:40
11,Silent Machine,Ain't That a Bitch,4:41
12,Silent Machine,Luna,3:42
1,Outlier,One Hand Killing,4:29
2,Outlier,Sick,3:37
3,Outlier,Invincible,3:42
4,Outlier,Oxygen,4:24
5,Outlier,Collateral,4:03
6,Outlier,Post Mortem,3:38
7,Outlier,Point of You,3:35
8,Outlier,Monsoon,3:18
9,Outlier,Adios,3:31
10,Outlier,Dig for Bones,4:01
1,Vengeance,Start the Fire,4:10
2,Vengeance,Long Way Home,3:02
3,Vengeance,Vengeance,3:27
4,Vengeance,IDK,3:03
5,Vengeance,Shock to the System,3:19
6,Vengeance,Gone,3:24
7,Vengeance,Culture War,3:35
8,Vengeance,Dead End,3:44
9,Vengeance,Over and Out,3:30
10,Vengeance,Tangled,3:01
1,Hand.Cannot.Erase,First Regret / 3 Years Older,12:19
2,Hand.Cannot.Erase,Hand Cannot Erase,4:17
3,Hand.Cannot.Erase,Perfect Life,4:46
4,Hand.Cannot.Erase,Routine,8:58
5,Hand.Cannot.Erase,Home Invasion / Regret #9,11:29
6,Hand.Cannot.Erase,Transience,2:43
7,Hand.Cannot.Erase,Ancestral,13:30
8,Hand.Cannot.Erase,Happy Returns / Ascendant Here On...,7:54
1,The Raven That Refused to Sing,Luminol,12:10
2,The Raven That Refused to Sing,Drive Home,7:37
3,The Raven That Refused to Sing,The Holy Drinker,10:13
4,The Raven That Refused to Sing,The Pin Drop,5:03
5,The Raven That Refused to Sing,The Watchmaker,11:42
6,The Raven That Refused to Sing,The Raven That Refused to Sing,7:57
1,To the Bone,To the Bone,6:41
2,To the Bone,Nowhere Now,4:03
3,To the Bone,Pariah,4:46
4,To the Bone,The Same Asylum as Before,5:14
5,To the Bone,Refuge,6:43
6,To the Bone,Permanating,3:34
7,To the Bone,Blank Tapes,2:08
8,To the Bone,People Who Eat Darkness,6:02
9,To the Bone,Song of I,5:21
10,To the Bone,Detonation,9:19
11,To the Bone,Song of Unborn,5:55
1,THE FUTURE BITES,Unself,1:05
2,THE FUTURE BITES,Self,2:55
3,THE FUTURE BITES,King Ghost,4:06
4,THE FUTURE BITES,12 Things I Forgot,4:42
5,THE FUTURE BITES,Eminent Sleaze,3:52
6,THE FUTURE BITES,Man of the People,4:41
7,THE FUTURE BITES,Personal Shopper,9:49
8,THE FUTURE BITES,Follower,4:39
9,THE FUTURE BITES,Count of Unease,6:08
1,Metaphorical Music,Blessing It (feat. Substantial & Pase Rock),3:23
2,Metaphorical Music,Horn in the Middle,4:08
3,Metaphorical Music,Lady Brown (feat. Cise Starr),3:18
4,Metaphorical Music,Kumomi,3:53
5,Metaphorical Music,Highs 2 Lows (feat. Cise Starr),4:38
6,Metaphorical Music,Beat Laments the World,4:22
7,Metaphorical Music,Letter from Yokosuka,3:10
8,Metaphorical Music,Think Different (feat. Substantial),3:17
9,Metaphorical Music,A Day by Atmosphere Supreme,3:59
10,Metaphorical Music,Next View (feat. Uyama Hiroto),4:35
11,Metaphorical Music,Latitude (feat. Five Deez),3:56
12,Metaphorical Music,F.I.L.O. (feat. Shing02),3:31
13,Metaphorical Music,Summer Gypsy,4:19
14,Metaphorical Music,The Final View,3:35
15,Metaphorical Music,Peaceland,8:19
1,Modal Soul,Feather (feat. Cise Starr & Akin),2:55
2,Modal Soul,Ordinary Joe (feat. Terry Callier),5:07
3,Modal Soul,Reflection Eternal,4:17
4,Modal Soul,Luv (Sic.) Part 3 (feat. Shing02),5:36
5,Modal Soul,Music Is Mine,4:20
6,Modal Soul,Eclipse (feat. Substantial),3:34
7,Modal Soul,The Sign (feat. Pase Rock),4:49
8,Modal Soul,Thank You (feat. Apani B),4:09
9,Modal Soul,World's End Rhapsody,5:41
10,Modal Soul,Modal Soul (feat. Uyama Hiroto),4:41
11,Modal Soul,Flowers,3:59
12,Modal Soul,Sea of Cloud,3:01
13,Modal Soul,Light on the Land,3:55
14,Modal Soul,Horizon,7:20
1,Heavy Weather,Birdland,5:57
2,Heavy Weather,A Remark You Made,6:51
3,Heavy Weather,Teen Town,2:51
4,Heavy Weather,Harlequin,3:59
5,Heavy Weather,Rumba Mama,2:11
6,Heavy Weather,Palladium,4:46
7,Heavy Weather,The Juggler,5:03
8,Heavy Weather,Havona,6:01